term,coef,se_hc3,se_classic,t,p_value,ci95_low,ci95_high,pct_effect,reference_level
Intercept,8.857020501781157,0.07044084480815904,0.06988608341681285,125.73699997356171,0.0,8.718952939083666,8.995088064478649,,
log_duration_days,0.4344667696354514,0.008556365409887145,0.008534933651425483,50.7770237504597,0.0,0.41769586745633086,0.4512376718145719,,
log_offers,0.20215182845135382,0.021223367653622312,0.02036255718536257,9.52496473465423,1.7811470305445537e-21,0.16055297125211399,0.24375068565059366,,
offers_missing,0.2616355317767645,0.04832679911052576,0.04328140401325459,5.41388084028473,6.218627943012545e-08,0.16691259958687726,0.3563584639666518,29.905299260158948,
foreign_entity,-0.2287839665408961,0.047766095965975086,0.046566260203492534,-4.789672714803075,1.6791842863954584e-06,-0.3224078926530487,-0.13516004042874352,-20.449963036017994,
sub_agency=CBP,0.6477786209053588,0.0421605706226899,0.042762842282680125,15.36456009342384,4.689752245155123e-53,0.5651418035352178,0.7304154382754997,91.12904093059508,USCG
sub_agency=FEMA,-0.39326557795706946,0.047497343749584794,0.04371284113439123,-8.279738337167691,1.28954291704078e-16,-0.48636273634535937,-0.30016841956877954,-32.5150501366275,USCG
sub_agency=FLETC,-0.40663981829870066,0.060886724372567216,0.06807196067997183,-6.678628592506678,2.4575776926510165e-11,-0.5259808292937964,-0.2872988073036049,-33.411601365907565,USCG
sub_agency=ICE,0.1959314334239183,0.05040809980231523,0.04732917961174221,3.8869037752325513,0.00010176785201333683,0.09712904826127665,0.29473381858655995,21.64434951093157,USCG
sub_agency=OIG,-0.46649931459618466,0.14181713775543503,0.16937515232971362,-3.2894424607600463,0.0010051153075031057,-0.7444679649148054,-0.18853066427756388,-37.28059612883041,USCG
sub_agency=OPO (HQ),1.0279290264859275,0.052297900391690515,0.051616149670262845,19.655263763691224,1.9982623608970245e-85,0.9254225380850307,1.1304355148868244,179.52709041892163,USCG
sub_agency=TSA,0.8432066152569859,0.059829152237277264,0.060936714490815114,14.093574515528836,5.953728233685493e-45,0.7259384982979276,0.9604747322160443,132.38065960932636,USCG
sub_agency=USCIS,0.5980263936155052,0.08738505038247413,0.08119551117064917,6.843577831654428,7.885079412980187e-12,0.42674734443084417,0.7693054428001663,81.85262014469905,USCG
sub_agency=USSS,0.1470397714454574,0.054655541358822085,0.06320959256724287,2.6902994241721725,0.00714308092815439,0.03991218937462908,0.2541673535162857,15.840003335745202,USCG
award_type=Bpa Call,-0.4098848420912349,0.04579053989263961,0.04168146890323762,-8.951299614554662,3.7281280217169464e-19,-0.49963657994726274,-0.320133104235207,-33.627332088810746,Delivery Order
award_type=Definitive Contract,0.9513448258872657,0.0643645212789673,0.06157740637608549,14.780577979660062,3.0146734958045773e-49,0.8251871598146896,1.0775024919598417,158.91893278523793,Delivery Order
award_type=Purchase Order,-0.5047781868813008,0.048511955418612196,0.04836613959435568,-10.405232741610671,2.613570857939323e-25,-0.5998640346529813,-0.40969233910962033,-39.636054427146696,Delivery Order
pricing=Cost-reimbursable,0.9970506180612936,0.08666858840426842,0.08894097591954679,11.5041751160238,1.475288889288236e-30,0.8271758700227316,1.1669253660998555,171.0276388483091,Firm fixed price
pricing=Other / unreported,-0.7764208494262748,0.13396275447727132,0.10778754727448991,-5.795796394721083,6.873564926624844e-09,-1.0389945174918946,-0.5138471813606549,-53.995034488670804,Firm fixed price
pricing=T&M / labor hours,0.9591834634575543,0.06168544912128007,0.055175515164316326,15.549590334856749,2.720106022905023e-54,0.8382769121907414,1.0800900147243673,160.9564798228576,Firm fixed price
competition=Competed (simplified),-0.4683785213960864,0.0459297087090369,0.045257654742663384,-10.197724622275485,2.241854354005798e-24,-0.5584030370607251,-0.3783540057314476,-37.39834818418668,Full & open
competition=Not competed,-0.5459988352891681,0.042614401687432905,0.040868052289721436,-12.812542559999958,1.7832894896797646e-37,-0.6295251841400306,-0.46247248643830574,-42.07370939458297,Full & open
competition=Other competed,0.7192700024386696,0.2491371126037298,0.19207252500788882,2.887044787994791,0.003891801082216138,0.23094885852894498,1.2075911463483942,105.2934026677097,Full & open
set_aside=8(a),0.8906029480405308,0.06115487650398016,0.0707920529935701,14.563073281368942,7.257384765414766e-48,0.770736345518003,1.0104695505630585,143.65983506717703,No set-aside
set_aside=Not reported,-0.03848307139604733,0.05895995064633642,0.05631348578598521,-0.6526985008329301,0.5139560955615745,-0.1540475099639561,0.07708136717186145,-3.7752005882864426,No set-aside
set_aside=Other set-aside,0.1325206186244005,0.0900549594987675,0.09946299397705086,1.4715526980633886,0.14115308770869434,-0.043991585348712836,0.30903282259751386,14.17025561826848,No set-aside
set_aside=Small business,0.028884684555149927,0.03931257509235665,0.04528867644170555,0.7347441496083993,0.46250155799351084,-0.04816991978904905,0.1059392888993489,2.9305892764281083,No set-aside
business_size=Other Than Small Business,0.3333905822587748,0.0316437884130321,0.02923926030428237,10.535735415342117,6.619870723702493e-26,0.2713671815939885,0.39541398292356117,39.569232468481985,Small Business
business_size=Unknown,1.1404470738942118,1.001981358611847,1.0049915890302314,1.1381919075562408,0.2550502189523056,-0.8234862722861513,3.104380420074575,212.81665742235685,Small Business
pbsa=Yes,0.7156145949736465,0.044348084061875334,0.039867937132514054,16.136313667467725,2.6190632971402037e-58,0.6286901423580896,0.8025390475892035,104.54434152700057,No
sector=Accommodation & food,0.4609068966712308,0.07475285588616755,0.10024143821510582,6.165742983426512,7.11231426246441e-10,0.3143875775888372,0.6074262157536244,58.55112280354149,Manufacturing
sector=Admin & support svcs,0.08634249841736485,0.0483216490815485,0.04394657075299443,1.7868284725062191,0.07397616738516687,-0.008370339459334505,0.18105533629406423,9.017964917506148,Manufacturing
sector=Construction,0.7936584162557463,0.054841288404619375,0.05835367451815578,14.471914124265817,2.7155629783211205e-47,0.6861667607278018,0.9011500717836908,121.14721306966993,Manufacturing
sector=Educational svcs,0.5793647733733107,0.07807951207813663,0.098258801567766,7.42018947036352,1.2031718953589458e-13,0.42632504253821063,0.7324045042084109,78.49042518510265,Manufacturing
sector=Information,-0.028501739532253954,0.06870105355331789,0.06336619816243422,-0.4148661200680739,0.6782431316496192,-0.1631592247553415,0.10615574569083358,-2.809939650778137,Manufacturing
sector=Other sector,0.16537044708338589,0.0754350155993251,0.07403873602946556,2.192223939632425,0.028371646358867936,0.01751406100211414,0.3132268331646576,17.983010238704942,Manufacturing
sector=Other services,-0.41993515796405945,0.05543086131606041,0.0700837784407497,-7.575836781060236,3.679704343415352e-14,-0.5285824057501153,-0.3112879101780036,-34.29105745501351,Manufacturing
sector=Professional & technical svcs,0.9158376643786044,0.03995578009241713,0.03862542822371193,22.92128103268877,3.38363225677002e-115,0.8375223462125447,0.994152982544664,149.88675878100713,Manufacturing
sector=Real estate & leasing,-0.3525542654813573,0.0748713680757095,0.07196118528915485,-4.708799565741292,2.503881387203252e-06,-0.49930587435534224,-0.2058026566073724,-29.710957391152938,Manufacturing
sector=Transportation,0.030892587168841808,0.060250252207937595,0.06398665166623714,0.5127378896643341,0.6081387776867363,-0.08720090669702965,0.14898608103471328,3.1374715058428926,Manufacturing
sector=Unknown,-0.7301620093137963,0.16431870134942575,0.12999216145387188,-4.4435721760062945,8.882088142109785e-06,-1.052234844509329,-0.4080891741182634,-51.81690773305989,Manufacturing
sector=Wholesale trade,0.07724206715009899,0.09120805216129826,0.1028950142489648,0.8468777187950367,0.39707061258917276,-0.10153025584790068,0.2560143901480987,8.030355074591867,Manufacturing
