,VIF
set_aside=Not reported,5.664664720005277
award_type=Purchase Order,3.682464805239355
offers_missing,2.8327741818097567
competition=Competed (simplified),2.774112217938993
competition=Not competed,2.3703566157251035
sector=Professional & technical svcs,2.0379452387197055
set_aside=Small business,2.0156613059351196
sector=Unknown,1.9179876776563436
pricing=Other / unreported,1.9174508564651898
award_type=Definitive Contract,1.7724794221538198
log_offers,1.7559863626609764
sub_agency=FEMA,1.5817091951660354
award_type=Bpa Call,1.518455635825216
sector=Admin & support svcs,1.4818762865302508
sub_agency=OPO (HQ),1.4818535866219393
business_size=Other Than Small Business,1.4749720075083366
set_aside=8(a),1.42124294317721
sector=Real estate & leasing,1.3932551794936474
sub_agency=CBP,1.3277775470326072
log_duration_days,1.3137968627068077
set_aside=Other set-aside,1.3011157426672184
sector=Construction,1.2649451097652036
sub_agency=ICE,1.2627831964015874
foreign_entity,1.233561845927836
pbsa=Yes,1.2251844256092697
sub_agency=TSA,1.2161567311438024
sector=Information,1.192082071430217
pricing=Cost-reimbursable,1.166428789340461
sector=Accommodation & food,1.163210801438171
sub_agency=FLETC,1.1556158684968747
sub_agency=USSS,1.153034069267508
pricing=T&M / labor hours,1.1393392737882588
sector=Other sector,1.1360915327470469
sub_agency=USCIS,1.1271054867039303
competition=Other competed,1.1236862062794244
sector=Other services,1.1217936110609454
sector=Transportation,1.1064637676332187
sector=Educational svcs,1.0595022286490892
sector=Wholesale trade,1.0499761733970452
business_size=Unknown,1.0471507582936919
sub_agency=OIG,1.0358892897798937
